pdb,stacking,base_triple_type
ens-1,unstacked,non-triple
ens-2,unstacked,non-triple
ens-3,unstacked,non-triple
ens-4,unstacked,non-triple
ens-5,unstacked,non-triple
ens-6,unstacked,non-triple
ens-7,unstacked,non-triple
ens-8,unstacked,non-triple
ens-9,stacked,non-triple
ens-10,unstacked,non-triple
ens-11,unstacked,non-triple
ens-12,unstacked,non-triple
ens-13,stacked,triple
ens-14,unstacked,non-triple
ens-15,unstacked,non-triple
ens-16,unstacked,non-triple
ens-17,unstacked,non-triple
ens-18,unstacked,non-triple
ens-19,unstacked,non-triple
ens-20,stacked,non-triple
ens-21,unstacked,non-triple
ens-22,unstacked,non-triple
ens-23,stacked,non-triple
ens-24,stacked,non-triple
ens-25,unstacked,non-triple
ens-26,stacked,non-triple
ens-27,unstacked,non-triple
ens-28,unstacked,non-triple
ens-29,unstacked,non-triple
ens-30,unstacked,non-triple
ens-31,unstacked,non-triple
ens-32,unstacked,non-triple
ens-33,unstacked,non-triple
ens-34,stacked,triple
ens-35,stacked,non-triple
ens-36,stacked,triple
ens-37,unstacked,non-triple
ens-38,unstacked,non-triple
ens-39,unstacked,non-triple
ens-40,unstacked,non-triple
ens-41,unstacked,non-triple
ens-42,stacked,non-triple
ens-43,stacked,triple
ens-44,unstacked,non-triple
ens-45,unstacked,non-triple
ens-46,stacked,non-triple
ens-47,unstacked,non-triple
ens-48,unstacked,non-triple
ens-49,unstacked,non-triple
ens-50,unstacked,non-triple
ens-51,unstacked,non-triple
ens-52,unstacked,non-triple
ens-53,unstacked,non-triple
ens-54,unstacked,non-triple
ens-55,unstacked,non-triple
ens-56,stacked,non-triple
ens-57,stacked,triple
ens-58,unstacked,non-triple
ens-59,stacked,triple
ens-60,unstacked,non-triple
ens-61,unstacked,non-triple
ens-62,unstacked,non-triple
ens-63,unstacked,non-triple
ens-64,stacked,triple
ens-65,unstacked,non-triple
ens-66,unstacked,non-triple
ens-67,unstacked,non-triple
ens-68,stacked,triple
ens-69,unstacked,non-triple
ens-70,unstacked,non-triple
ens-71,stacked,triple
ens-72,unstacked,non-triple
ens-73,unstacked,non-triple
ens-74,unstacked,non-triple
ens-75,unstacked,non-triple
ens-76,unstacked,non-triple
ens-77,unstacked,non-triple
ens-78,unstacked,non-triple
ens-79,stacked,non-triple
ens-80,unstacked,non-triple
ens-81,unstacked,non-triple
ens-82,unstacked,non-triple
ens-83,unstacked,non-triple
ens-84,unstacked,non-triple
ens-85,stacked,triple
ens-86,stacked,non-triple
ens-87,unstacked,non-triple
ens-88,unstacked,non-triple
ens-89,unstacked,non-triple
ens-90,unstacked,non-triple
ens-91,stacked,non-triple
ens-92,unstacked,non-triple
ens-93,stacked,non-triple
ens-94,stacked,non-triple
ens-95,unstacked,non-triple
ens-96,unstacked,non-triple
ens-97,unstacked,non-triple
ens-98,unstacked,non-triple
ens-99,unstacked,non-triple
ens-100,unstacked,non-triple
ens-101,unstacked,non-triple
ens-102,unstacked,non-triple
ens-103,unstacked,non-triple
ens-104,unstacked,non-triple
ens-105,unstacked,non-triple
ens-106,stacked,non-triple
ens-107,stacked,non-triple
ens-108,unstacked,non-triple
ens-109,unstacked,non-triple
ens-110,stacked,triple
ens-111,stacked,non-triple
ens-112,unstacked,non-triple
ens-113,unstacked,non-triple
ens-114,stacked,non-triple
ens-115,unstacked,non-triple
ens-116,unstacked,non-triple
ens-117,stacked,non-triple
ens-118,unstacked,non-triple
ens-119,unstacked,non-triple
ens-120,unstacked,non-triple
ens-121,stacked,non-triple
ens-122,unstacked,non-triple
ens-123,unstacked,non-triple
ens-124,unstacked,non-triple
ens-125,stacked,non-triple
ens-126,unstacked,non-triple
ens-127,unstacked,non-triple
ens-128,unstacked,non-triple
ens-129,unstacked,non-triple
ens-130,unstacked,non-triple
ens-131,unstacked,non-triple
ens-132,unstacked,non-triple
ens-133,unstacked,non-triple
ens-134,stacked,non-triple
ens-135,stacked,non-triple
ens-136,unstacked,non-triple
ens-137,unstacked,non-triple
ens-138,unstacked,non-triple
ens-139,unstacked,non-triple
ens-140,unstacked,non-triple
ens-141,unstacked,non-triple
ens-142,unstacked,non-triple
ens-143,unstacked,non-triple
ens-144,stacked,triple
ens-145,unstacked,non-triple
ens-146,unstacked,non-triple
ens-147,unstacked,non-triple
ens-148,unstacked,non-triple
ens-149,unstacked,non-triple
ens-150,stacked,non-triple
ens-151,unstacked,non-triple
ens-152,stacked,non-triple
ens-153,stacked,non-triple
ens-154,stacked,non-triple
ens-155,unstacked,non-triple
ens-156,unstacked,non-triple
ens-157,unstacked,non-triple
ens-158,unstacked,non-triple
ens-159,unstacked,non-triple
ens-160,unstacked,non-triple
ens-161,unstacked,non-triple
ens-162,unstacked,non-triple
ens-163,unstacked,non-triple
ens-164,stacked,non-triple
ens-165,unstacked,non-triple
ens-166,unstacked,non-triple
ens-167,unstacked,non-triple
ens-168,stacked,non-triple
ens-169,unstacked,non-triple
ens-170,unstacked,non-triple
ens-171,unstacked,non-triple
ens-172,unstacked,non-triple
ens-173,unstacked,non-triple
ens-174,stacked,non-triple
ens-175,stacked,non-triple
ens-176,unstacked,non-triple
ens-177,unstacked,non-triple
ens-178,unstacked,non-triple
ens-179,stacked,non-triple
ens-180,unstacked,non-triple
ens-181,unstacked,non-triple
ens-182,unstacked,non-triple
ens-183,stacked,non-triple
ens-184,unstacked,non-triple
ens-185,unstacked,non-triple
ens-186,unstacked,non-triple
ens-187,stacked,non-triple
ens-188,unstacked,non-triple
ens-189,stacked,triple
ens-190,unstacked,non-triple
ens-191,stacked,non-triple
ens-192,unstacked,non-triple
ens-193,stacked,non-triple
ens-194,unstacked,non-triple
ens-195,stacked,non-triple
ens-196,unstacked,non-triple
ens-197,unstacked,non-triple
ens-198,unstacked,non-triple
ens-199,unstacked,non-triple
ens-200,unstacked,non-triple
ens-201,unstacked,non-triple
ens-202,unstacked,non-triple
ens-203,unstacked,non-triple
ens-204,unstacked,non-triple
ens-205,unstacked,non-triple
ens-206,stacked,non-triple
ens-207,unstacked,non-triple
ens-208,unstacked,non-triple
ens-209,stacked,non-triple
ens-210,unstacked,non-triple
ens-211,unstacked,non-triple
ens-212,unstacked,non-triple
ens-213,unstacked,non-triple
ens-214,unstacked,non-triple
ens-215,stacked,non-triple
ens-216,unstacked,non-triple
ens-217,unstacked,non-triple
ens-218,unstacked,non-triple
ens-219,stacked,non-triple
ens-220,unstacked,non-triple
ens-221,unstacked,non-triple
ens-222,stacked,non-triple
ens-223,unstacked,non-triple
ens-224,unstacked,non-triple
ens-225,unstacked,non-triple
ens-226,stacked,non-triple
ens-227,unstacked,non-triple
ens-228,stacked,non-triple
ens-229,unstacked,non-triple
ens-230,unstacked,non-triple
ens-231,unstacked,non-triple
ens-232,stacked,non-triple
ens-233,unstacked,non-triple
ens-234,unstacked,non-triple
ens-235,unstacked,non-triple
ens-236,stacked,non-triple
ens-237,stacked,non-triple
ens-238,unstacked,non-triple
ens-239,unstacked,non-triple
ens-240,unstacked,non-triple
ens-241,unstacked,non-triple
ens-242,unstacked,non-triple
ens-243,unstacked,non-triple
ens-244,unstacked,non-triple
ens-245,unstacked,non-triple
ens-246,unstacked,non-triple
ens-247,stacked,non-triple
ens-248,stacked,non-triple
ens-249,unstacked,non-triple
ens-250,unstacked,non-triple
ens-251,unstacked,non-triple
ens-252,unstacked,non-triple
ens-253,unstacked,non-triple
ens-254,unstacked,non-triple
ens-255,unstacked,non-triple
ens-256,stacked,non-triple
ens-257,unstacked,non-triple
ens-258,stacked,non-triple
ens-259,unstacked,non-triple
ens-260,stacked,triple
ens-261,unstacked,non-triple
ens-262,unstacked,non-triple
ens-263,unstacked,non-triple
ens-264,unstacked,non-triple
ens-265,stacked,non-triple
ens-266,unstacked,non-triple
ens-267,unstacked,non-triple
ens-268,stacked,non-triple
ens-269,stacked,non-triple
ens-270,unstacked,non-triple
ens-271,unstacked,non-triple
ens-272,unstacked,non-triple
ens-273,stacked,non-triple
ens-274,unstacked,non-triple
ens-275,stacked,triple
ens-276,unstacked,non-triple
ens-277,unstacked,non-triple
ens-278,unstacked,non-triple
ens-279,stacked,non-triple
ens-280,unstacked,non-triple
ens-281,stacked,non-triple
ens-282,unstacked,non-triple
ens-283,stacked,non-triple
ens-284,unstacked,non-triple
ens-285,unstacked,non-triple
ens-286,stacked,non-triple
ens-287,unstacked,non-triple
ens-288,unstacked,non-triple
ens-289,unstacked,non-triple
ens-290,unstacked,non-triple
ens-291,stacked,non-triple
ens-292,unstacked,non-triple
ens-293,unstacked,non-triple
ens-294,unstacked,non-triple
ens-295,unstacked,non-triple
ens-296,stacked,non-triple
ens-297,stacked,non-triple
ens-298,unstacked,non-triple
ens-299,unstacked,non-triple
ens-300,unstacked,non-triple
ens-301,stacked,non-triple
ens-302,unstacked,non-triple
ens-303,stacked,non-triple
ens-304,unstacked,non-triple
ens-305,unstacked,non-triple
ens-306,unstacked,non-triple
ens-307,unstacked,non-triple
ens-308,unstacked,non-triple
ens-309,unstacked,non-triple
ens-310,unstacked,non-triple
ens-311,unstacked,non-triple
ens-312,stacked,non-triple
ens-313,unstacked,non-triple
ens-314,unstacked,non-triple
ens-315,unstacked,non-triple
ens-316,unstacked,non-triple
ens-317,stacked,non-triple
ens-318,stacked,non-triple
ens-319,stacked,non-triple
ens-320,unstacked,non-triple
ens-321,unstacked,non-triple
ens-322,stacked,non-triple
ens-323,unstacked,non-triple
ens-324,stacked,non-triple
ens-325,unstacked,non-triple
ens-326,unstacked,non-triple
ens-327,unstacked,non-triple
ens-328,unstacked,non-triple
ens-329,stacked,non-triple
ens-330,unstacked,non-triple
ens-331,stacked,non-triple
ens-332,unstacked,non-triple
ens-333,unstacked,non-triple
ens-334,stacked,non-triple
ens-335,stacked,non-triple
ens-336,unstacked,non-triple
ens-337,unstacked,non-triple
ens-338,unstacked,non-triple
ens-339,unstacked,non-triple
ens-340,unstacked,non-triple
ens-341,unstacked,non-triple
ens-342,stacked,non-triple
ens-343,unstacked,non-triple
ens-344,unstacked,non-triple
ens-345,stacked,non-triple
ens-346,unstacked,non-triple
ens-347,unstacked,non-triple
ens-348,unstacked,non-triple
ens-349,unstacked,non-triple
ens-350,unstacked,non-triple
ens-351,stacked,non-triple
ens-352,unstacked,non-triple
ens-353,unstacked,non-triple
ens-354,unstacked,non-triple
ens-355,unstacked,non-triple
ens-356,unstacked,non-triple
ens-357,unstacked,non-triple
ens-358,unstacked,non-triple
ens-359,stacked,non-triple
ens-360,unstacked,non-triple
ens-361,unstacked,non-triple
ens-362,stacked,non-triple
ens-363,unstacked,non-triple
ens-364,unstacked,non-triple
ens-365,unstacked,non-triple
ens-366,stacked,triple
ens-367,unstacked,non-triple
ens-368,unstacked,non-triple
ens-369,unstacked,non-triple
ens-370,unstacked,non-triple
ens-371,unstacked,non-triple
ens-372,unstacked,non-triple
ens-373,unstacked,non-triple
ens-374,unstacked,non-triple
ens-375,unstacked,non-triple
ens-376,unstacked,non-triple
ens-377,stacked,non-triple
ens-378,stacked,non-triple
ens-379,unstacked,non-triple
ens-380,stacked,triple
ens-381,unstacked,non-triple
ens-382,stacked,non-triple
ens-383,unstacked,non-triple
ens-384,stacked,triple
ens-385,stacked,non-triple
ens-386,stacked,non-triple
ens-387,unstacked,non-triple
ens-388,unstacked,non-triple
ens-389,unstacked,non-triple
ens-390,unstacked,non-triple
ens-391,unstacked,non-triple
ens-392,unstacked,non-triple
ens-393,stacked,non-triple
ens-394,unstacked,non-triple
ens-395,unstacked,non-triple
ens-396,unstacked,non-triple
ens-397,stacked,non-triple
ens-398,unstacked,non-triple
ens-399,unstacked,non-triple
ens-400,unstacked,non-triple
ens-401,stacked,non-triple
ens-402,stacked,non-triple
ens-403,unstacked,non-triple
ens-404,unstacked,non-triple
ens-405,stacked,non-triple
ens-406,unstacked,non-triple
ens-407,stacked,non-triple
ens-408,unstacked,non-triple
ens-409,unstacked,non-triple
ens-410,unstacked,non-triple
ens-411,unstacked,non-triple
ens-412,unstacked,non-triple
ens-413,unstacked,non-triple
ens-414,unstacked,non-triple
ens-415,stacked,non-triple
ens-416,unstacked,non-triple
ens-417,unstacked,non-triple
ens-418,stacked,non-triple
ens-419,unstacked,non-triple
ens-420,unstacked,non-triple
ens-421,unstacked,non-triple
ens-422,unstacked,non-triple
ens-423,unstacked,non-triple
ens-424,stacked,non-triple
ens-425,unstacked,non-triple
ens-426,unstacked,non-triple
ens-427,unstacked,non-triple
ens-428,stacked,non-triple
ens-429,unstacked,non-triple
ens-430,stacked,non-triple
ens-431,stacked,non-triple
ens-432,unstacked,non-triple
ens-433,stacked,non-triple
ens-434,stacked,non-triple
ens-435,unstacked,non-triple
ens-436,unstacked,non-triple
ens-437,unstacked,non-triple
ens-438,unstacked,non-triple
ens-439,unstacked,non-triple
ens-440,unstacked,non-triple
ens-441,stacked,triple
ens-442,unstacked,non-triple
ens-443,unstacked,non-triple
ens-444,unstacked,non-triple
ens-445,stacked,non-triple
ens-446,unstacked,non-triple
ens-447,unstacked,non-triple
ens-448,unstacked,non-triple
ens-449,unstacked,non-triple
ens-450,unstacked,non-triple
ens-451,unstacked,non-triple
ens-452,unstacked,non-triple
ens-453,unstacked,non-triple
ens-454,unstacked,non-triple
ens-455,stacked,triple
ens-456,unstacked,non-triple
ens-457,stacked,non-triple
ens-458,stacked,non-triple
ens-459,unstacked,non-triple
ens-460,unstacked,non-triple
ens-461,unstacked,non-triple
ens-462,stacked,non-triple
ens-463,unstacked,non-triple
ens-464,unstacked,non-triple
ens-465,unstacked,non-triple
ens-466,unstacked,non-triple
ens-467,stacked,non-triple
ens-468,unstacked,non-triple
ens-469,unstacked,non-triple
ens-470,unstacked,non-triple
ens-471,unstacked,non-triple
ens-472,stacked,non-triple
ens-473,unstacked,non-triple
ens-474,unstacked,non-triple
ens-475,unstacked,non-triple
ens-476,unstacked,non-triple
ens-477,unstacked,non-triple
ens-478,stacked,non-triple
ens-479,unstacked,non-triple
ens-480,stacked,non-triple
ens-481,unstacked,non-triple
ens-482,stacked,non-triple
ens-483,unstacked,non-triple
ens-484,unstacked,non-triple
ens-485,stacked,non-triple
ens-486,unstacked,non-triple
ens-487,unstacked,non-triple
ens-488,unstacked,non-triple
ens-489,unstacked,non-triple
ens-490,unstacked,non-triple
ens-491,unstacked,non-triple
ens-492,unstacked,non-triple
ens-493,unstacked,non-triple
ens-494,stacked,non-triple
ens-495,unstacked,non-triple
ens-496,unstacked,non-triple
ens-497,stacked,non-triple
ens-498,unstacked,non-triple
ens-499,stacked,non-triple
ens-500,unstacked,non-triple
ens-501,unstacked,non-triple
ens-502,stacked,non-triple
ens-503,unstacked,non-triple
ens-504,unstacked,non-triple
ens-505,unstacked,non-triple
ens-506,unstacked,non-triple
ens-507,unstacked,non-triple
ens-508,unstacked,non-triple
ens-509,stacked,non-triple
ens-510,unstacked,non-triple
ens-511,unstacked,non-triple
ens-512,unstacked,non-triple
ens-513,unstacked,non-triple
ens-514,unstacked,non-triple
ens-515,stacked,non-triple
ens-516,unstacked,non-triple
ens-517,unstacked,non-triple
ens-518,stacked,non-triple
ens-519,unstacked,non-triple
ens-520,stacked,non-triple
ens-521,stacked,non-triple
ens-522,unstacked,non-triple
ens-523,unstacked,non-triple
ens-524,unstacked,non-triple
ens-525,unstacked,non-triple
ens-526,stacked,non-triple
ens-527,unstacked,non-triple
ens-528,unstacked,non-triple
ens-529,stacked,non-triple
ens-530,stacked,triple
ens-531,stacked,non-triple
ens-532,unstacked,non-triple
ens-533,unstacked,non-triple
ens-534,unstacked,non-triple
ens-535,unstacked,non-triple
ens-536,unstacked,non-triple
ens-537,stacked,non-triple
ens-538,unstacked,non-triple
ens-539,unstacked,non-triple
ens-540,unstacked,non-triple
ens-541,unstacked,non-triple
ens-542,unstacked,non-triple
ens-543,unstacked,non-triple
ens-544,unstacked,non-triple
ens-545,unstacked,non-triple
ens-546,stacked,non-triple
ens-547,stacked,non-triple
ens-548,unstacked,non-triple
ens-549,unstacked,non-triple
ens-550,stacked,non-triple
ens-551,stacked,non-triple
ens-552,unstacked,non-triple
ens-553,stacked,non-triple
ens-554,stacked,non-triple
ens-555,unstacked,non-triple
ens-556,unstacked,non-triple
ens-557,unstacked,non-triple
ens-558,unstacked,non-triple
ens-559,unstacked,non-triple
ens-560,unstacked,non-triple
ens-561,unstacked,non-triple
ens-562,unstacked,non-triple
ens-563,unstacked,non-triple
ens-564,unstacked,non-triple
ens-565,unstacked,non-triple
ens-566,stacked,non-triple
ens-567,unstacked,non-triple
ens-568,stacked,non-triple
ens-569,unstacked,non-triple
ens-570,unstacked,non-triple
ens-571,unstacked,non-triple
ens-572,unstacked,non-triple
ens-573,unstacked,non-triple
ens-574,unstacked,non-triple
ens-575,unstacked,non-triple
ens-576,unstacked,non-triple
ens-577,unstacked,non-triple
ens-578,stacked,non-triple
ens-579,unstacked,non-triple
ens-580,stacked,non-triple
ens-581,unstacked,non-triple
ens-582,unstacked,non-triple
ens-583,unstacked,non-triple
ens-584,stacked,non-triple
ens-585,unstacked,non-triple
ens-586,unstacked,non-triple
ens-587,stacked,non-triple
ens-588,unstacked,non-triple
ens-589,stacked,non-triple
ens-590,unstacked,non-triple
ens-591,unstacked,non-triple
ens-592,unstacked,non-triple
ens-593,stacked,non-triple
ens-594,unstacked,non-triple
ens-595,unstacked,non-triple
ens-596,unstacked,non-triple
ens-597,unstacked,non-triple
ens-598,unstacked,non-triple
ens-599,stacked,non-triple
ens-600,unstacked,non-triple
ens-601,unstacked,non-triple
ens-602,stacked,triple
ens-603,unstacked,non-triple
ens-604,unstacked,non-triple
ens-605,unstacked,non-triple
ens-606,unstacked,non-triple
ens-607,unstacked,non-triple
ens-608,stacked,non-triple
ens-609,unstacked,non-triple
ens-610,unstacked,non-triple
ens-611,stacked,triple
ens-612,unstacked,non-triple
ens-613,unstacked,non-triple
ens-614,unstacked,non-triple
ens-615,unstacked,non-triple
ens-616,unstacked,non-triple
ens-617,unstacked,non-triple
ens-618,unstacked,non-triple
ens-619,unstacked,non-triple
ens-620,stacked,non-triple
ens-621,unstacked,non-triple
ens-622,unstacked,non-triple
ens-623,stacked,non-triple
ens-624,unstacked,non-triple
ens-625,unstacked,non-triple
ens-626,stacked,triple
ens-627,unstacked,non-triple
ens-628,stacked,non-triple
ens-629,unstacked,non-triple
ens-630,unstacked,non-triple
ens-631,unstacked,non-triple
ens-632,stacked,non-triple
ens-633,unstacked,non-triple
ens-634,unstacked,non-triple
ens-635,stacked,non-triple
ens-636,unstacked,non-triple
ens-637,unstacked,non-triple
ens-638,stacked,triple
ens-639,unstacked,non-triple
ens-640,unstacked,non-triple
ens-641,unstacked,non-triple
ens-642,unstacked,non-triple
ens-643,unstacked,non-triple
ens-644,stacked,non-triple
ens-645,unstacked,non-triple
ens-646,unstacked,non-triple
ens-647,stacked,triple
ens-648,unstacked,non-triple
ens-649,unstacked,non-triple
ens-650,unstacked,non-triple
ens-651,unstacked,non-triple
ens-652,stacked,non-triple
ens-653,unstacked,non-triple
ens-654,unstacked,non-triple
ens-655,unstacked,non-triple
ens-656,stacked,triple
ens-657,unstacked,non-triple
ens-658,unstacked,non-triple
ens-659,unstacked,non-triple
ens-660,unstacked,non-triple
ens-661,stacked,non-triple
ens-662,unstacked,non-triple
ens-663,unstacked,non-triple
ens-664,unstacked,non-triple
ens-665,unstacked,non-triple
ens-666,unstacked,non-triple
ens-667,unstacked,non-triple
ens-668,unstacked,non-triple
ens-669,stacked,non-triple
ens-670,stacked,non-triple
ens-671,unstacked,non-triple
ens-672,stacked,non-triple
ens-673,unstacked,non-triple
ens-674,unstacked,non-triple
ens-675,unstacked,non-triple
ens-676,unstacked,non-triple
ens-677,unstacked,non-triple
ens-678,unstacked,non-triple
ens-679,stacked,non-triple
ens-680,stacked,non-triple
ens-681,unstacked,non-triple
ens-682,unstacked,non-triple
ens-683,stacked,non-triple
ens-684,unstacked,non-triple
ens-685,unstacked,non-triple
ens-686,stacked,non-triple
ens-687,stacked,triple
ens-688,unstacked,non-triple
ens-689,unstacked,non-triple
ens-690,unstacked,non-triple
ens-691,unstacked,non-triple
ens-692,unstacked,non-triple
ens-693,unstacked,non-triple
ens-694,stacked,non-triple
ens-695,unstacked,non-triple
ens-696,stacked,non-triple
ens-697,unstacked,non-triple
ens-698,stacked,non-triple
ens-699,unstacked,non-triple
ens-700,unstacked,non-triple
ens-701,unstacked,non-triple
ens-702,unstacked,non-triple
ens-703,unstacked,non-triple
ens-704,unstacked,non-triple
ens-705,stacked,non-triple
ens-706,unstacked,non-triple
ens-707,stacked,non-triple
ens-708,unstacked,non-triple
ens-709,unstacked,non-triple
ens-710,unstacked,non-triple
ens-711,unstacked,non-triple
ens-712,unstacked,non-triple
ens-713,unstacked,non-triple
ens-714,stacked,non-triple
ens-715,unstacked,non-triple
ens-716,unstacked,non-triple
ens-717,stacked,non-triple
ens-718,unstacked,non-triple
ens-719,unstacked,non-triple
ens-720,unstacked,non-triple
ens-721,stacked,non-triple
ens-722,unstacked,non-triple
ens-723,unstacked,non-triple
ens-724,unstacked,non-triple
ens-725,unstacked,non-triple
ens-726,unstacked,non-triple
ens-727,unstacked,non-triple
ens-728,unstacked,non-triple
ens-729,unstacked,non-triple
ens-730,stacked,non-triple
ens-731,unstacked,non-triple
ens-732,stacked,non-triple
ens-733,unstacked,non-triple
ens-734,stacked,non-triple
ens-735,unstacked,non-triple
ens-736,unstacked,non-triple
ens-737,unstacked,non-triple
ens-738,unstacked,non-triple
ens-739,unstacked,non-triple
ens-740,stacked,non-triple
ens-741,stacked,non-triple
ens-742,unstacked,non-triple
ens-743,unstacked,non-triple
ens-744,unstacked,non-triple
ens-745,unstacked,non-triple
ens-746,stacked,non-triple
ens-747,stacked,non-triple
ens-748,unstacked,non-triple
ens-749,unstacked,non-triple
ens-750,unstacked,non-triple
ens-751,stacked,non-triple
ens-752,unstacked,non-triple
ens-753,unstacked,non-triple
ens-754,unstacked,non-triple
ens-755,unstacked,non-triple
ens-756,unstacked,non-triple
ens-757,stacked,non-triple
ens-758,unstacked,non-triple
ens-759,unstacked,non-triple
ens-760,unstacked,non-triple
ens-761,stacked,non-triple
ens-762,unstacked,non-triple
ens-763,unstacked,non-triple
ens-764,unstacked,non-triple
ens-765,stacked,non-triple
ens-766,unstacked,non-triple
ens-767,stacked,non-triple
ens-768,unstacked,non-triple
ens-769,unstacked,non-triple
ens-770,unstacked,non-triple
ens-771,unstacked,non-triple
ens-772,stacked,non-triple
ens-773,unstacked,non-triple
ens-774,stacked,non-triple
ens-775,stacked,triple
ens-776,unstacked,non-triple
ens-777,unstacked,non-triple
ens-778,unstacked,non-triple
ens-779,unstacked,non-triple
ens-780,unstacked,non-triple
ens-781,stacked,non-triple
ens-782,stacked,non-triple
ens-783,unstacked,non-triple
ens-784,unstacked,non-triple
ens-785,unstacked,non-triple
ens-786,unstacked,non-triple
ens-787,unstacked,non-triple
ens-788,stacked,triple
ens-789,unstacked,non-triple
ens-790,unstacked,non-triple
ens-791,unstacked,non-triple
ens-792,unstacked,non-triple
ens-793,stacked,non-triple
ens-794,unstacked,non-triple
ens-795,stacked,non-triple
ens-796,unstacked,non-triple
ens-797,unstacked,non-triple
ens-798,unstacked,non-triple
ens-799,unstacked,non-triple
ens-800,unstacked,non-triple
ens-801,unstacked,non-triple
ens-802,unstacked,non-triple
ens-803,unstacked,non-triple
ens-804,unstacked,non-triple
ens-805,stacked,non-triple
ens-806,unstacked,non-triple
ens-807,stacked,non-triple
ens-808,unstacked,non-triple
ens-809,unstacked,non-triple
ens-810,stacked,non-triple
ens-811,stacked,non-triple
ens-812,stacked,triple
ens-813,unstacked,non-triple
ens-814,unstacked,non-triple
ens-815,unstacked,non-triple
ens-816,unstacked,non-triple
ens-817,unstacked,non-triple
ens-818,unstacked,non-triple
ens-819,stacked,non-triple
ens-820,unstacked,non-triple
ens-821,unstacked,non-triple
ens-822,unstacked,non-triple
ens-823,unstacked,non-triple
ens-824,unstacked,non-triple
ens-825,unstacked,non-triple
ens-826,stacked,non-triple
ens-827,unstacked,non-triple
ens-828,unstacked,non-triple
ens-829,unstacked,non-triple
ens-830,stacked,non-triple
ens-831,unstacked,non-triple
ens-832,unstacked,non-triple
ens-833,unstacked,non-triple
ens-834,stacked,triple
ens-835,stacked,non-triple
ens-836,unstacked,non-triple
ens-837,unstacked,non-triple
ens-838,unstacked,non-triple
ens-839,unstacked,non-triple
ens-840,unstacked,non-triple
ens-841,unstacked,non-triple
ens-842,unstacked,non-triple
ens-843,stacked,non-triple
ens-844,unstacked,non-triple
ens-845,unstacked,non-triple
ens-846,unstacked,non-triple
ens-847,stacked,non-triple
ens-848,unstacked,non-triple
ens-849,unstacked,non-triple
ens-850,unstacked,non-triple
ens-851,stacked,triple
ens-852,unstacked,non-triple
ens-853,unstacked,non-triple
ens-854,unstacked,non-triple
ens-855,unstacked,non-triple
ens-856,unstacked,non-triple
ens-857,unstacked,non-triple
ens-858,stacked,non-triple
ens-859,unstacked,non-triple
ens-860,unstacked,non-triple
ens-861,unstacked,non-triple
ens-862,unstacked,non-triple
ens-863,unstacked,non-triple
ens-864,unstacked,non-triple
ens-865,unstacked,non-triple
ens-866,stacked,triple
ens-867,unstacked,non-triple
ens-868,unstacked,non-triple
ens-869,unstacked,non-triple
ens-870,stacked,non-triple
ens-871,unstacked,non-triple
ens-872,unstacked,non-triple
ens-873,unstacked,non-triple
ens-874,unstacked,non-triple
ens-875,unstacked,non-triple
ens-876,stacked,non-triple
ens-877,unstacked,non-triple
ens-878,stacked,non-triple
ens-879,stacked,non-triple
ens-880,unstacked,non-triple
ens-881,unstacked,non-triple
ens-882,unstacked,non-triple
ens-883,unstacked,non-triple
ens-884,unstacked,non-triple
ens-885,stacked,non-triple
ens-886,stacked,non-triple
ens-887,unstacked,non-triple
ens-888,stacked,non-triple
ens-889,unstacked,non-triple
ens-890,unstacked,non-triple
ens-891,unstacked,non-triple
ens-892,unstacked,non-triple
ens-893,unstacked,non-triple
ens-894,unstacked,non-triple
ens-895,unstacked,non-triple
ens-896,unstacked,non-triple
ens-897,unstacked,non-triple
ens-898,stacked,non-triple
ens-899,stacked,triple
ens-900,unstacked,non-triple
ens-901,stacked,non-triple
ens-902,unstacked,non-triple
ens-903,stacked,non-triple
ens-904,unstacked,non-triple
ens-905,unstacked,non-triple
ens-906,unstacked,non-triple
ens-907,unstacked,non-triple
ens-908,unstacked,non-triple
ens-909,unstacked,non-triple
ens-910,unstacked,non-triple
ens-911,unstacked,non-triple
ens-912,unstacked,non-triple
ens-913,unstacked,non-triple
ens-914,unstacked,non-triple
ens-915,unstacked,non-triple
ens-916,unstacked,non-triple
ens-917,stacked,non-triple
ens-918,unstacked,non-triple
ens-919,stacked,non-triple
ens-920,unstacked,non-triple
ens-921,unstacked,non-triple
ens-922,unstacked,non-triple
ens-923,unstacked,non-triple
ens-924,unstacked,non-triple
ens-925,stacked,non-triple
ens-926,unstacked,non-triple
ens-927,unstacked,non-triple
ens-928,unstacked,non-triple
ens-929,unstacked,non-triple
ens-930,unstacked,non-triple
ens-931,unstacked,non-triple
ens-932,stacked,triple
ens-933,unstacked,non-triple
ens-934,unstacked,non-triple
ens-935,unstacked,non-triple
ens-936,unstacked,non-triple
ens-937,stacked,non-triple
ens-938,stacked,triple
ens-939,unstacked,non-triple
ens-940,unstacked,non-triple
ens-941,unstacked,non-triple
ens-942,unstacked,non-triple
ens-943,unstacked,non-triple
ens-944,unstacked,non-triple
ens-945,stacked,non-triple
ens-946,unstacked,non-triple
ens-947,unstacked,non-triple
ens-948,stacked,non-triple
ens-949,stacked,triple
ens-950,unstacked,non-triple
ens-951,stacked,non-triple
ens-952,stacked,non-triple
ens-953,unstacked,non-triple
ens-954,unstacked,non-triple
ens-955,stacked,non-triple
ens-956,unstacked,non-triple
ens-957,unstacked,non-triple
ens-958,unstacked,non-triple
ens-959,unstacked,non-triple
ens-960,unstacked,non-triple
ens-961,unstacked,non-triple
ens-962,unstacked,non-triple
ens-963,stacked,non-triple
ens-964,unstacked,non-triple
ens-965,unstacked,non-triple
ens-966,unstacked,non-triple
ens-967,stacked,non-triple
ens-968,stacked,non-triple
ens-969,unstacked,non-triple
ens-970,unstacked,non-triple
ens-971,unstacked,non-triple
ens-972,unstacked,non-triple
ens-973,unstacked,non-triple
ens-974,unstacked,non-triple
ens-975,unstacked,non-triple
ens-976,unstacked,non-triple
ens-977,stacked,non-triple
ens-978,stacked,non-triple
ens-979,unstacked,non-triple
ens-980,unstacked,non-triple
ens-981,unstacked,non-triple
ens-982,unstacked,non-triple
ens-983,unstacked,non-triple
ens-984,unstacked,non-triple
ens-985,unstacked,non-triple
ens-986,stacked,non-triple
ens-987,stacked,triple
ens-988,unstacked,non-triple
ens-989,unstacked,non-triple
ens-990,stacked,triple
ens-991,stacked,non-triple
ens-992,unstacked,non-triple
ens-993,stacked,non-triple
ens-994,unstacked,non-triple
ens-995,stacked,non-triple
ens-996,unstacked,non-triple
ens-997,unstacked,non-triple
ens-998,unstacked,non-triple
ens-999,unstacked,non-triple
ens-1000,unstacked,non-triple
ens-1001,unstacked,non-triple
ens-1002,unstacked,non-triple
ens-1003,unstacked,non-triple
ens-1004,unstacked,non-triple
ens-1005,unstacked,non-triple
ens-1006,stacked,non-triple
ens-1007,unstacked,non-triple
ens-1008,unstacked,non-triple
ens-1009,stacked,non-triple
ens-1010,unstacked,non-triple
ens-1011,stacked,non-triple
ens-1012,unstacked,non-triple
ens-1013,unstacked,non-triple
ens-1014,unstacked,non-triple
ens-1015,stacked,triple
ens-1016,stacked,non-triple
ens-1017,unstacked,non-triple
ens-1018,unstacked,non-triple
ens-1019,stacked,non-triple
ens-1020,unstacked,non-triple
ens-1021,unstacked,non-triple
ens-1022,unstacked,non-triple
ens-1023,unstacked,non-triple
ens-1024,unstacked,non-triple
ens-1025,unstacked,non-triple
ens-1026,stacked,non-triple
ens-1027,unstacked,non-triple
ens-1028,unstacked,non-triple
ens-1029,unstacked,non-triple
ens-1030,stacked,non-triple
ens-1031,unstacked,non-triple
ens-1032,unstacked,non-triple
ens-1033,unstacked,non-triple
ens-1034,stacked,non-triple
ens-1035,unstacked,non-triple
ens-1036,unstacked,non-triple
ens-1037,unstacked,non-triple
ens-1038,stacked,non-triple
ens-1039,stacked,triple
ens-1040,unstacked,non-triple
ens-1041,stacked,non-triple
ens-1042,stacked,triple
ens-1043,unstacked,non-triple
ens-1044,unstacked,non-triple
ens-1045,stacked,non-triple
ens-1046,stacked,non-triple
ens-1047,unstacked,non-triple
ens-1048,unstacked,non-triple
ens-1049,unstacked,non-triple
ens-1050,unstacked,non-triple
ens-1051,unstacked,non-triple
ens-1052,unstacked,non-triple
ens-1053,unstacked,non-triple
ens-1054,stacked,non-triple
ens-1055,stacked,triple
ens-1056,unstacked,non-triple
ens-1057,unstacked,non-triple
ens-1058,unstacked,non-triple
ens-1059,stacked,triple
ens-1060,unstacked,non-triple
ens-1061,stacked,non-triple
ens-1062,unstacked,non-triple
ens-1063,unstacked,non-triple
ens-1064,unstacked,non-triple
ens-1065,stacked,non-triple
ens-1066,unstacked,non-triple
ens-1067,unstacked,non-triple
ens-1068,unstacked,non-triple
ens-1069,unstacked,non-triple
ens-1070,unstacked,non-triple
ens-1071,stacked,non-triple
ens-1072,unstacked,non-triple
ens-1073,unstacked,non-triple
ens-1074,unstacked,non-triple
ens-1075,unstacked,non-triple
ens-1076,unstacked,non-triple
ens-1077,unstacked,non-triple
ens-1078,stacked,non-triple
ens-1079,stacked,non-triple
ens-1080,unstacked,non-triple
ens-1081,unstacked,non-triple
ens-1082,unstacked,non-triple
ens-1083,stacked,triple
ens-1084,stacked,non-triple
ens-1085,unstacked,non-triple
ens-1086,unstacked,non-triple
ens-1087,stacked,non-triple
ens-1088,unstacked,non-triple
ens-1089,unstacked,non-triple
ens-1090,unstacked,non-triple
ens-1091,unstacked,non-triple
ens-1092,stacked,non-triple
ens-1093,unstacked,non-triple
ens-1094,unstacked,non-triple
ens-1095,unstacked,non-triple
ens-1096,stacked,non-triple
ens-1097,unstacked,non-triple
ens-1098,stacked,triple
ens-1099,unstacked,non-triple
ens-1100,unstacked,non-triple
ens-1101,unstacked,non-triple
ens-1102,stacked,non-triple
ens-1103,unstacked,non-triple
ens-1104,unstacked,non-triple
ens-1105,stacked,triple
ens-1106,unstacked,non-triple
ens-1107,unstacked,non-triple
ens-1108,stacked,non-triple
ens-1109,unstacked,non-triple
ens-1110,unstacked,non-triple
ens-1111,stacked,triple
ens-1112,unstacked,non-triple
ens-1113,unstacked,non-triple
ens-1114,unstacked,non-triple
ens-1115,unstacked,non-triple
ens-1116,stacked,non-triple
ens-1117,unstacked,non-triple
ens-1118,unstacked,non-triple
ens-1119,unstacked,non-triple
ens-1120,stacked,non-triple
ens-1121,unstacked,non-triple
ens-1122,stacked,non-triple
ens-1123,unstacked,non-triple
ens-1124,unstacked,non-triple
ens-1125,stacked,non-triple
ens-1126,unstacked,non-triple
ens-1127,stacked,non-triple
ens-1128,unstacked,non-triple
ens-1129,unstacked,non-triple
ens-1130,unstacked,non-triple
ens-1131,unstacked,non-triple
ens-1132,unstacked,non-triple
ens-1133,unstacked,non-triple
ens-1134,unstacked,non-triple
ens-1135,stacked,triple
ens-1136,unstacked,non-triple
ens-1137,unstacked,non-triple
ens-1138,unstacked,non-triple
ens-1139,stacked,non-triple
ens-1140,stacked,non-triple
ens-1141,unstacked,non-triple
ens-1142,unstacked,non-triple
ens-1143,stacked,non-triple
ens-1144,unstacked,non-triple
ens-1145,unstacked,non-triple
ens-1146,stacked,non-triple
ens-1147,unstacked,non-triple
ens-1148,stacked,non-triple
ens-1149,stacked,non-triple
ens-1150,unstacked,non-triple
ens-1151,stacked,non-triple
ens-1152,unstacked,non-triple
ens-1153,unstacked,non-triple
ens-1154,unstacked,non-triple
ens-1155,unstacked,non-triple
ens-1156,stacked,non-triple
ens-1157,stacked,non-triple
ens-1158,unstacked,non-triple
ens-1159,unstacked,non-triple
ens-1160,unstacked,non-triple
ens-1161,stacked,non-triple
ens-1162,unstacked,non-triple
ens-1163,unstacked,non-triple
ens-1164,unstacked,non-triple
ens-1165,unstacked,non-triple
ens-1166,stacked,non-triple
ens-1167,stacked,non-triple
ens-1168,unstacked,non-triple
ens-1169,stacked,non-triple
ens-1170,stacked,non-triple
ens-1171,unstacked,non-triple
ens-1172,unstacked,non-triple
ens-1173,unstacked,non-triple
ens-1174,unstacked,non-triple
ens-1175,unstacked,non-triple
ens-1176,unstacked,non-triple
ens-1177,unstacked,non-triple
ens-1178,unstacked,non-triple
ens-1179,stacked,non-triple
ens-1180,stacked,non-triple
ens-1181,unstacked,non-triple
ens-1182,unstacked,non-triple
ens-1183,unstacked,non-triple
ens-1184,unstacked,non-triple
ens-1185,stacked,non-triple
ens-1186,stacked,non-triple
ens-1187,unstacked,non-triple
ens-1188,stacked,non-triple
ens-1189,unstacked,non-triple
ens-1190,unstacked,non-triple
ens-1191,unstacked,non-triple
ens-1192,unstacked,non-triple
ens-1193,unstacked,non-triple
ens-1194,unstacked,non-triple
ens-1195,stacked,non-triple
ens-1196,unstacked,non-triple
ens-1197,unstacked,non-triple
ens-1198,stacked,non-triple
ens-1199,unstacked,non-triple
ens-1200,unstacked,non-triple
ens-1201,unstacked,non-triple
ens-1202,unstacked,non-triple
ens-1203,unstacked,non-triple
ens-1204,unstacked,non-triple
ens-1205,unstacked,non-triple
ens-1206,stacked,triple
ens-1207,unstacked,non-triple
ens-1208,unstacked,non-triple
ens-1209,stacked,non-triple
ens-1210,unstacked,non-triple
ens-1211,unstacked,non-triple
ens-1212,unstacked,non-triple
ens-1213,unstacked,non-triple
ens-1214,unstacked,non-triple
ens-1215,unstacked,non-triple
ens-1216,unstacked,non-triple
ens-1217,unstacked,non-triple
ens-1218,stacked,non-triple
ens-1219,stacked,non-triple
ens-1220,unstacked,non-triple
ens-1221,unstacked,non-triple
ens-1222,unstacked,non-triple
ens-1223,unstacked,non-triple
ens-1224,unstacked,non-triple
ens-1225,unstacked,non-triple
ens-1226,unstacked,non-triple
ens-1227,stacked,non-triple
ens-1228,stacked,non-triple
ens-1229,unstacked,non-triple
ens-1230,unstacked,non-triple
ens-1231,unstacked,non-triple
ens-1232,unstacked,non-triple
ens-1233,unstacked,non-triple
ens-1234,stacked,non-triple
ens-1235,unstacked,non-triple
ens-1236,unstacked,non-triple
ens-1237,unstacked,non-triple
ens-1238,unstacked,non-triple
ens-1239,unstacked,non-triple
ens-1240,unstacked,non-triple
ens-1241,stacked,triple
ens-1242,unstacked,non-triple
ens-1243,unstacked,non-triple
ens-1244,unstacked,non-triple
ens-1245,unstacked,non-triple
ens-1246,unstacked,non-triple
ens-1247,unstacked,non-triple
ens-1248,stacked,non-triple
ens-1249,unstacked,non-triple
ens-1250,unstacked,non-triple
ens-1251,stacked,non-triple
ens-1252,unstacked,non-triple
ens-1253,unstacked,non-triple
ens-1254,stacked,non-triple
ens-1255,unstacked,non-triple
ens-1256,unstacked,non-triple
ens-1257,stacked,non-triple
ens-1258,unstacked,non-triple
ens-1259,unstacked,non-triple
ens-1260,unstacked,non-triple
ens-1261,unstacked,non-triple
ens-1262,unstacked,non-triple
ens-1263,unstacked,non-triple
ens-1264,unstacked,non-triple
ens-1265,unstacked,non-triple
ens-1266,stacked,non-triple
ens-1267,stacked,non-triple
ens-1268,unstacked,non-triple
ens-1269,stacked,non-triple
ens-1270,unstacked,non-triple
ens-1271,unstacked,non-triple
ens-1272,stacked,non-triple
ens-1273,unstacked,non-triple
ens-1274,unstacked,non-triple
ens-1275,unstacked,non-triple
ens-1276,unstacked,non-triple
ens-1277,unstacked,non-triple
ens-1278,stacked,non-triple
ens-1279,unstacked,non-triple
ens-1280,stacked,non-triple
ens-1281,stacked,non-triple
ens-1282,unstacked,non-triple
ens-1283,stacked,non-triple
ens-1284,stacked,non-triple
ens-1285,unstacked,non-triple
ens-1286,unstacked,non-triple
ens-1287,unstacked,non-triple
ens-1288,unstacked,non-triple
ens-1289,unstacked,non-triple
ens-1290,unstacked,non-triple
ens-1291,stacked,non-triple
ens-1292,unstacked,non-triple
ens-1293,unstacked,non-triple
ens-1294,unstacked,non-triple
ens-1295,unstacked,non-triple
ens-1296,unstacked,non-triple
ens-1297,stacked,non-triple
ens-1298,unstacked,non-triple
ens-1299,unstacked,non-triple
ens-1300,unstacked,non-triple
ens-1301,unstacked,non-triple
ens-1302,unstacked,non-triple
ens-1303,unstacked,non-triple
ens-1304,stacked,non-triple
ens-1305,stacked,triple
ens-1306,unstacked,non-triple
ens-1307,unstacked,non-triple
ens-1308,unstacked,non-triple
ens-1309,unstacked,non-triple
ens-1310,stacked,non-triple
ens-1311,unstacked,non-triple
ens-1312,stacked,non-triple
ens-1313,stacked,non-triple
ens-1314,unstacked,non-triple
ens-1315,unstacked,non-triple
ens-1316,unstacked,non-triple
ens-1317,unstacked,non-triple
ens-1318,unstacked,non-triple
ens-1319,unstacked,non-triple
ens-1320,unstacked,non-triple
ens-1321,unstacked,non-triple
ens-1322,unstacked,non-triple
ens-1323,unstacked,non-triple
ens-1324,unstacked,non-triple
ens-1325,unstacked,non-triple
ens-1326,stacked,non-triple
ens-1327,unstacked,non-triple
ens-1328,unstacked,non-triple
ens-1329,unstacked,non-triple
ens-1330,stacked,non-triple
ens-1331,unstacked,non-triple
ens-1332,stacked,non-triple
ens-1333,stacked,triple
ens-1334,stacked,non-triple
ens-1335,unstacked,non-triple
ens-1336,unstacked,non-triple
ens-1337,unstacked,non-triple
ens-1338,unstacked,non-triple
ens-1339,unstacked,non-triple
ens-1340,unstacked,non-triple
ens-1341,unstacked,non-triple
ens-1342,stacked,non-triple
ens-1343,unstacked,non-triple
ens-1344,stacked,non-triple
ens-1345,unstacked,non-triple
ens-1346,unstacked,non-triple
ens-1347,unstacked,non-triple
ens-1348,unstacked,non-triple
ens-1349,unstacked,non-triple
ens-1350,unstacked,non-triple
ens-1351,stacked,non-triple
ens-1352,unstacked,non-triple
ens-1353,stacked,non-triple
ens-1354,stacked,non-triple
ens-1355,stacked,non-triple
ens-1356,unstacked,non-triple
ens-1357,unstacked,non-triple
ens-1358,unstacked,non-triple
ens-1359,unstacked,non-triple
ens-1360,unstacked,non-triple
ens-1361,unstacked,non-triple
ens-1362,unstacked,non-triple
ens-1363,unstacked,non-triple
ens-1364,unstacked,non-triple
ens-1365,unstacked,non-triple
ens-1366,unstacked,non-triple
ens-1367,stacked,non-triple
ens-1368,stacked,triple
ens-1369,unstacked,non-triple
ens-1370,unstacked,non-triple
ens-1371,unstacked,non-triple
ens-1372,stacked,non-triple
ens-1373,stacked,non-triple
ens-1374,unstacked,non-triple
ens-1375,unstacked,non-triple
ens-1376,unstacked,non-triple
ens-1377,unstacked,non-triple
ens-1378,unstacked,non-triple
ens-1379,stacked,non-triple
ens-1380,unstacked,non-triple
ens-1381,unstacked,non-triple
ens-1382,unstacked,non-triple
ens-1383,stacked,triple
ens-1384,unstacked,non-triple
ens-1385,unstacked,non-triple
ens-1386,unstacked,non-triple
ens-1387,unstacked,non-triple
ens-1388,unstacked,non-triple
ens-1389,stacked,non-triple
ens-1390,unstacked,non-triple
ens-1391,unstacked,non-triple
ens-1392,unstacked,non-triple
ens-1393,unstacked,non-triple
ens-1394,unstacked,non-triple
ens-1395,unstacked,non-triple
ens-1396,unstacked,non-triple
ens-1397,stacked,non-triple
ens-1398,stacked,non-triple
ens-1399,unstacked,non-triple
ens-1400,unstacked,non-triple
ens-1401,stacked,triple
ens-1402,unstacked,non-triple
ens-1403,unstacked,non-triple
ens-1404,stacked,non-triple
ens-1405,stacked,non-triple
ens-1406,unstacked,non-triple
ens-1407,unstacked,non-triple
ens-1408,unstacked,non-triple
ens-1409,unstacked,non-triple
ens-1410,unstacked,non-triple
ens-1411,unstacked,non-triple
ens-1412,stacked,non-triple
ens-1413,unstacked,non-triple
ens-1414,unstacked,non-triple
ens-1415,unstacked,non-triple
ens-1416,unstacked,non-triple
ens-1417,unstacked,non-triple
ens-1418,unstacked,non-triple
ens-1419,stacked,non-triple
ens-1420,unstacked,non-triple
ens-1421,stacked,non-triple
ens-1422,unstacked,non-triple
ens-1423,unstacked,non-triple
ens-1424,unstacked,non-triple
ens-1425,unstacked,non-triple
ens-1426,stacked,non-triple
ens-1427,stacked,non-triple
ens-1428,unstacked,non-triple
ens-1429,unstacked,non-triple
ens-1430,unstacked,non-triple
ens-1431,unstacked,non-triple
ens-1432,unstacked,non-triple
ens-1433,unstacked,non-triple
ens-1434,unstacked,non-triple
ens-1435,unstacked,non-triple
ens-1436,stacked,non-triple
ens-1437,stacked,non-triple
ens-1438,unstacked,non-triple
ens-1439,unstacked,non-triple
ens-1440,stacked,non-triple
ens-1441,unstacked,non-triple
ens-1442,unstacked,non-triple
ens-1443,unstacked,non-triple
ens-1444,stacked,non-triple
ens-1445,unstacked,non-triple
ens-1446,unstacked,non-triple
ens-1447,unstacked,non-triple
ens-1448,unstacked,non-triple
ens-1449,stacked,non-triple
ens-1450,unstacked,non-triple
ens-1451,stacked,non-triple
ens-1452,unstacked,non-triple
ens-1453,unstacked,non-triple
ens-1454,unstacked,non-triple
ens-1455,unstacked,non-triple
ens-1456,unstacked,non-triple
ens-1457,unstacked,non-triple
ens-1458,unstacked,non-triple
ens-1459,unstacked,non-triple
ens-1460,stacked,non-triple
ens-1461,unstacked,non-triple
ens-1462,stacked,non-triple
ens-1463,unstacked,non-triple
ens-1464,unstacked,non-triple
ens-1465,stacked,non-triple
ens-1466,stacked,non-triple
ens-1467,unstacked,non-triple
ens-1468,unstacked,non-triple
ens-1469,unstacked,non-triple
ens-1470,unstacked,non-triple
ens-1471,unstacked,non-triple
ens-1472,unstacked,non-triple
ens-1473,stacked,non-triple
ens-1474,unstacked,non-triple
ens-1475,stacked,non-triple
ens-1476,unstacked,non-triple
ens-1477,stacked,triple
ens-1478,unstacked,non-triple
ens-1479,unstacked,non-triple
ens-1480,unstacked,non-triple
ens-1481,unstacked,non-triple
ens-1482,stacked,non-triple
ens-1483,unstacked,non-triple
ens-1484,unstacked,non-triple
ens-1485,stacked,non-triple
ens-1486,unstacked,non-triple
ens-1487,unstacked,non-triple
ens-1488,stacked,non-triple
ens-1489,unstacked,non-triple
ens-1490,unstacked,non-triple
ens-1491,stacked,non-triple
ens-1492,unstacked,non-triple
ens-1493,unstacked,non-triple
ens-1494,unstacked,non-triple
ens-1495,unstacked,non-triple
ens-1496,stacked,triple
ens-1497,unstacked,non-triple
ens-1498,unstacked,non-triple
ens-1499,stacked,non-triple
ens-1500,unstacked,non-triple
ens-1501,stacked,triple
ens-1502,unstacked,non-triple
ens-1503,unstacked,non-triple
ens-1504,unstacked,non-triple
ens-1505,unstacked,non-triple
ens-1506,unstacked,non-triple
ens-1507,unstacked,non-triple
ens-1508,stacked,non-triple
ens-1509,stacked,non-triple
ens-1510,unstacked,non-triple
ens-1511,stacked,non-triple
ens-1512,unstacked,non-triple
ens-1513,unstacked,non-triple
ens-1514,unstacked,non-triple
ens-1515,unstacked,non-triple
ens-1516,unstacked,non-triple
ens-1517,unstacked,non-triple
ens-1518,stacked,non-triple
ens-1519,unstacked,non-triple
ens-1520,stacked,non-triple
ens-1521,stacked,non-triple
ens-1522,unstacked,non-triple
ens-1523,unstacked,non-triple
ens-1524,stacked,triple
ens-1525,unstacked,non-triple
ens-1526,unstacked,non-triple
ens-1527,unstacked,non-triple
ens-1528,stacked,non-triple
ens-1529,unstacked,non-triple
ens-1530,unstacked,non-triple
ens-1531,unstacked,non-triple
ens-1532,stacked,non-triple
ens-1533,unstacked,non-triple
ens-1534,stacked,non-triple
ens-1535,unstacked,non-triple
ens-1536,unstacked,non-triple
ens-1537,unstacked,non-triple
ens-1538,unstacked,non-triple
ens-1539,unstacked,non-triple
ens-1540,stacked,non-triple
ens-1541,unstacked,non-triple
ens-1542,unstacked,non-triple
ens-1543,stacked,non-triple
ens-1544,unstacked,non-triple
ens-1545,unstacked,non-triple
ens-1546,stacked,triple
ens-1547,unstacked,non-triple
ens-1548,unstacked,non-triple
ens-1549,unstacked,non-triple
ens-1550,unstacked,non-triple
ens-1551,stacked,triple
ens-1552,unstacked,non-triple
ens-1553,stacked,triple
ens-1554,unstacked,non-triple
ens-1555,unstacked,non-triple
ens-1556,stacked,non-triple
ens-1557,unstacked,non-triple
ens-1558,unstacked,non-triple
ens-1559,stacked,triple
ens-1560,unstacked,non-triple
ens-1561,stacked,non-triple
ens-1562,unstacked,non-triple
ens-1563,unstacked,non-triple
ens-1564,unstacked,non-triple
ens-1565,unstacked,non-triple
ens-1566,unstacked,non-triple
ens-1567,unstacked,non-triple
ens-1568,stacked,triple
ens-1569,unstacked,non-triple
ens-1570,unstacked,non-triple
ens-1571,unstacked,non-triple
ens-1572,unstacked,non-triple
ens-1573,unstacked,non-triple
ens-1574,unstacked,non-triple
ens-1575,unstacked,non-triple
ens-1576,unstacked,non-triple
ens-1577,unstacked,non-triple
ens-1578,unstacked,non-triple
ens-1579,stacked,non-triple
ens-1580,stacked,non-triple
ens-1581,unstacked,non-triple
ens-1582,unstacked,non-triple
ens-1583,stacked,non-triple
ens-1584,unstacked,non-triple
ens-1585,unstacked,non-triple
ens-1586,unstacked,non-triple
ens-1587,unstacked,non-triple
ens-1588,stacked,triple
ens-1589,unstacked,non-triple
ens-1590,unstacked,non-triple
ens-1591,unstacked,non-triple
ens-1592,unstacked,non-triple
ens-1593,unstacked,non-triple
ens-1594,stacked,non-triple
ens-1595,unstacked,non-triple
ens-1596,unstacked,non-triple
ens-1597,unstacked,non-triple
ens-1598,unstacked,non-triple
ens-1599,unstacked,non-triple
ens-1600,stacked,non-triple
ens-1601,unstacked,non-triple
ens-1602,unstacked,non-triple
ens-1603,stacked,non-triple
ens-1604,stacked,non-triple
ens-1605,unstacked,non-triple
ens-1606,unstacked,non-triple
ens-1607,unstacked,non-triple
ens-1608,stacked,triple
ens-1609,stacked,non-triple
ens-1610,unstacked,non-triple
ens-1611,unstacked,non-triple
ens-1612,stacked,triple
ens-1613,unstacked,non-triple
ens-1614,stacked,non-triple
ens-1615,unstacked,non-triple
ens-1616,unstacked,non-triple
ens-1617,unstacked,non-triple
ens-1618,unstacked,non-triple
ens-1619,unstacked,non-triple
ens-1620,unstacked,non-triple
ens-1621,unstacked,non-triple
ens-1622,unstacked,non-triple
ens-1623,unstacked,non-triple
ens-1624,unstacked,non-triple
ens-1625,unstacked,non-triple
ens-1626,unstacked,non-triple
ens-1627,unstacked,non-triple
ens-1628,stacked,non-triple
ens-1629,unstacked,non-triple
ens-1630,stacked,non-triple
ens-1631,stacked,non-triple
ens-1632,unstacked,non-triple
ens-1633,unstacked,non-triple
ens-1634,unstacked,non-triple
ens-1635,unstacked,non-triple
ens-1636,unstacked,non-triple
ens-1637,unstacked,non-triple
ens-1638,unstacked,non-triple
ens-1639,unstacked,non-triple
ens-1640,unstacked,non-triple
ens-1641,unstacked,non-triple
ens-1642,unstacked,non-triple
ens-1643,unstacked,non-triple
ens-1644,stacked,non-triple
ens-1645,unstacked,non-triple
ens-1646,stacked,non-triple
ens-1647,unstacked,non-triple
ens-1648,unstacked,non-triple
ens-1649,unstacked,non-triple
ens-1650,unstacked,non-triple
ens-1651,stacked,non-triple
ens-1652,unstacked,non-triple
ens-1653,unstacked,non-triple
ens-1654,unstacked,non-triple
ens-1655,unstacked,non-triple
ens-1656,unstacked,non-triple
ens-1657,unstacked,non-triple
ens-1658,stacked,non-triple
ens-1659,unstacked,non-triple
ens-1660,unstacked,non-triple
ens-1661,unstacked,non-triple
ens-1662,unstacked,non-triple
ens-1663,unstacked,non-triple
ens-1664,unstacked,non-triple
ens-1665,stacked,non-triple
ens-1666,unstacked,non-triple
ens-1667,unstacked,non-triple
ens-1668,stacked,non-triple
ens-1669,unstacked,non-triple
ens-1670,unstacked,non-triple
ens-1671,stacked,non-triple
ens-1672,unstacked,non-triple
ens-1673,unstacked,non-triple
ens-1674,stacked,non-triple
ens-1675,unstacked,non-triple
ens-1676,stacked,non-triple
ens-1677,unstacked,non-triple
ens-1678,unstacked,non-triple
ens-1679,unstacked,non-triple
ens-1680,stacked,non-triple
ens-1681,unstacked,non-triple
ens-1682,unstacked,non-triple
ens-1683,unstacked,non-triple
ens-1684,unstacked,non-triple
ens-1685,unstacked,non-triple
ens-1686,unstacked,non-triple
ens-1687,stacked,non-triple
ens-1688,stacked,non-triple
ens-1689,stacked,non-triple
ens-1690,stacked,non-triple
ens-1691,unstacked,non-triple
ens-1692,stacked,non-triple
ens-1693,unstacked,non-triple
ens-1694,stacked,non-triple
ens-1695,unstacked,non-triple
ens-1696,unstacked,non-triple
ens-1697,stacked,non-triple
ens-1698,unstacked,non-triple
ens-1699,unstacked,non-triple
ens-1700,unstacked,non-triple
ens-1701,unstacked,non-triple
ens-1702,unstacked,non-triple
ens-1703,unstacked,non-triple
ens-1704,unstacked,non-triple
ens-1705,unstacked,non-triple
ens-1706,stacked,non-triple
ens-1707,unstacked,non-triple
ens-1708,stacked,non-triple
ens-1709,unstacked,non-triple
ens-1710,unstacked,non-triple
ens-1711,unstacked,non-triple
ens-1712,stacked,non-triple
ens-1713,unstacked,non-triple
ens-1714,unstacked,non-triple
ens-1715,unstacked,non-triple
ens-1716,unstacked,non-triple
ens-1717,unstacked,non-triple
ens-1718,stacked,non-triple
ens-1719,unstacked,non-triple
ens-1720,stacked,non-triple
ens-1721,unstacked,non-triple
ens-1722,unstacked,non-triple
ens-1723,unstacked,non-triple
ens-1724,unstacked,non-triple
ens-1725,unstacked,non-triple
ens-1726,stacked,non-triple
ens-1727,stacked,non-triple
ens-1728,unstacked,non-triple
ens-1729,stacked,triple
ens-1730,unstacked,non-triple
ens-1731,unstacked,non-triple
ens-1732,unstacked,non-triple
ens-1733,stacked,non-triple
ens-1734,unstacked,non-triple
ens-1735,unstacked,non-triple
ens-1736,unstacked,non-triple
ens-1737,unstacked,non-triple
ens-1738,stacked,non-triple
ens-1739,stacked,non-triple
ens-1740,unstacked,non-triple
ens-1741,stacked,non-triple
ens-1742,stacked,non-triple
ens-1743,unstacked,non-triple
ens-1744,unstacked,non-triple
ens-1745,stacked,non-triple
ens-1746,unstacked,non-triple
ens-1747,unstacked,non-triple
ens-1748,unstacked,non-triple
ens-1749,unstacked,non-triple
ens-1750,unstacked,non-triple
ens-1751,stacked,non-triple
ens-1752,stacked,non-triple
ens-1753,unstacked,non-triple
ens-1754,unstacked,non-triple
ens-1755,stacked,non-triple
ens-1756,unstacked,non-triple
ens-1757,unstacked,non-triple
ens-1758,unstacked,non-triple
ens-1759,unstacked,non-triple
ens-1760,unstacked,non-triple
ens-1761,unstacked,non-triple
ens-1762,stacked,non-triple
ens-1763,stacked,non-triple
ens-1764,unstacked,non-triple
ens-1765,unstacked,non-triple
ens-1766,unstacked,non-triple
ens-1767,unstacked,non-triple
ens-1768,unstacked,non-triple
ens-1769,unstacked,non-triple
ens-1770,unstacked,non-triple
ens-1771,unstacked,non-triple
ens-1772,stacked,non-triple
ens-1773,unstacked,non-triple
ens-1774,unstacked,non-triple
ens-1775,unstacked,non-triple
ens-1776,unstacked,non-triple
ens-1777,stacked,non-triple
ens-1778,unstacked,non-triple
ens-1779,unstacked,non-triple
ens-1780,stacked,non-triple
ens-1781,stacked,non-triple
ens-1782,unstacked,non-triple
ens-1783,unstacked,non-triple
ens-1784,stacked,non-triple
ens-1785,unstacked,non-triple
ens-1786,unstacked,non-triple
ens-1787,unstacked,non-triple
ens-1788,unstacked,non-triple
ens-1789,unstacked,non-triple
ens-1790,unstacked,non-triple
ens-1791,unstacked,non-triple
ens-1792,unstacked,non-triple
ens-1793,stacked,non-triple
ens-1794,unstacked,non-triple
ens-1795,unstacked,non-triple
ens-1796,unstacked,non-triple
ens-1797,unstacked,non-triple
ens-1798,stacked,non-triple
ens-1799,unstacked,non-triple
ens-1800,unstacked,non-triple
ens-1801,stacked,non-triple
ens-1802,stacked,non-triple
ens-1803,unstacked,non-triple
ens-1804,unstacked,non-triple
ens-1805,unstacked,non-triple
ens-1806,unstacked,non-triple
ens-1807,unstacked,non-triple
ens-1808,unstacked,non-triple
ens-1809,unstacked,non-triple
ens-1810,unstacked,non-triple
ens-1811,unstacked,non-triple
ens-1812,unstacked,non-triple
ens-1813,stacked,non-triple
ens-1814,stacked,non-triple
ens-1815,unstacked,non-triple
ens-1816,unstacked,non-triple
ens-1817,unstacked,non-triple
ens-1818,unstacked,non-triple
ens-1819,stacked,non-triple
ens-1820,unstacked,non-triple
ens-1821,unstacked,non-triple
ens-1822,stacked,non-triple
ens-1823,unstacked,non-triple
ens-1824,unstacked,non-triple
ens-1825,stacked,non-triple
ens-1826,stacked,non-triple
ens-1827,stacked,non-triple
ens-1828,unstacked,non-triple
ens-1829,unstacked,non-triple
ens-1830,unstacked,non-triple
ens-1831,unstacked,non-triple
ens-1832,unstacked,non-triple
ens-1833,stacked,triple
ens-1834,unstacked,non-triple
ens-1835,unstacked,non-triple
ens-1836,unstacked,non-triple
ens-1837,stacked,non-triple
ens-1838,stacked,non-triple
ens-1839,stacked,non-triple
ens-1840,unstacked,non-triple
ens-1841,unstacked,non-triple
ens-1842,stacked,non-triple
ens-1843,unstacked,non-triple
ens-1844,unstacked,non-triple
ens-1845,unstacked,non-triple
ens-1846,unstacked,non-triple
ens-1847,stacked,non-triple
ens-1848,unstacked,non-triple
ens-1849,unstacked,non-triple
ens-1850,unstacked,non-triple
ens-1851,unstacked,non-triple
ens-1852,unstacked,non-triple
ens-1853,stacked,non-triple
ens-1854,unstacked,non-triple
ens-1855,unstacked,non-triple
ens-1856,unstacked,non-triple
ens-1857,unstacked,non-triple
ens-1858,stacked,non-triple
ens-1859,unstacked,non-triple
ens-1860,stacked,non-triple
ens-1861,unstacked,non-triple
ens-1862,unstacked,non-triple
ens-1863,unstacked,non-triple
ens-1864,unstacked,non-triple
ens-1865,stacked,triple
ens-1866,unstacked,non-triple
ens-1867,unstacked,non-triple
ens-1868,stacked,non-triple
ens-1869,stacked,triple
ens-1870,unstacked,non-triple
ens-1871,stacked,non-triple
ens-1872,unstacked,non-triple
ens-1873,unstacked,non-triple
ens-1874,stacked,triple
ens-1875,stacked,non-triple
ens-1876,unstacked,non-triple
ens-1877,unstacked,non-triple
ens-1878,unstacked,non-triple
ens-1879,stacked,non-triple
ens-1880,unstacked,non-triple
ens-1881,unstacked,non-triple
ens-1882,unstacked,non-triple
ens-1883,unstacked,non-triple
ens-1884,unstacked,non-triple
ens-1885,unstacked,non-triple
ens-1886,unstacked,non-triple
ens-1887,stacked,non-triple
ens-1888,unstacked,non-triple
ens-1889,stacked,non-triple
ens-1890,unstacked,non-triple
ens-1891,stacked,non-triple
ens-1892,unstacked,non-triple
ens-1893,unstacked,non-triple
ens-1894,unstacked,non-triple
ens-1895,stacked,non-triple
ens-1896,stacked,non-triple
ens-1897,unstacked,non-triple
ens-1898,unstacked,non-triple
ens-1899,unstacked,non-triple
ens-1900,unstacked,non-triple
ens-1901,unstacked,non-triple
ens-1902,unstacked,non-triple
ens-1903,stacked,non-triple
ens-1904,unstacked,non-triple
ens-1905,unstacked,non-triple
ens-1906,unstacked,non-triple
ens-1907,stacked,triple
ens-1908,unstacked,non-triple
ens-1909,stacked,non-triple
ens-1910,unstacked,non-triple
ens-1911,unstacked,non-triple
ens-1912,unstacked,non-triple
ens-1913,unstacked,non-triple
ens-1914,unstacked,non-triple
ens-1915,unstacked,non-triple
ens-1916,unstacked,non-triple
ens-1917,unstacked,non-triple
ens-1918,unstacked,non-triple
ens-1919,stacked,non-triple
ens-1920,stacked,non-triple
ens-1921,stacked,non-triple
ens-1922,stacked,non-triple
ens-1923,unstacked,non-triple
ens-1924,unstacked,non-triple
ens-1925,unstacked,non-triple
ens-1926,unstacked,non-triple
ens-1927,unstacked,non-triple
ens-1928,stacked,non-triple
ens-1929,stacked,non-triple
ens-1930,unstacked,non-triple
ens-1931,unstacked,non-triple
ens-1932,unstacked,non-triple
ens-1933,stacked,non-triple
ens-1934,unstacked,non-triple
ens-1935,stacked,non-triple
ens-1936,unstacked,non-triple
ens-1937,unstacked,non-triple
ens-1938,unstacked,non-triple
ens-1939,unstacked,non-triple
ens-1940,stacked,non-triple
ens-1941,unstacked,non-triple
ens-1942,unstacked,non-triple
ens-1943,stacked,non-triple
ens-1944,stacked,triple
ens-1945,unstacked,non-triple
ens-1946,unstacked,non-triple
ens-1947,unstacked,non-triple
ens-1948,unstacked,non-triple
ens-1949,unstacked,non-triple
ens-1950,unstacked,non-triple
ens-1951,stacked,non-triple
ens-1952,unstacked,non-triple
ens-1953,unstacked,non-triple
ens-1954,unstacked,non-triple
ens-1955,unstacked,non-triple
ens-1956,unstacked,non-triple
ens-1957,unstacked,non-triple
ens-1958,unstacked,non-triple
ens-1959,stacked,non-triple
ens-1960,unstacked,non-triple
ens-1961,stacked,non-triple
ens-1962,unstacked,non-triple
ens-1963,unstacked,non-triple
ens-1964,stacked,non-triple
ens-1965,unstacked,non-triple
ens-1966,unstacked,non-triple
ens-1967,stacked,triple
ens-1968,unstacked,non-triple
ens-1969,unstacked,non-triple
ens-1970,unstacked,non-triple
ens-1971,stacked,non-triple
ens-1972,unstacked,non-triple
ens-1973,unstacked,non-triple
ens-1974,unstacked,non-triple
ens-1975,stacked,non-triple
ens-1976,stacked,non-triple
ens-1977,unstacked,non-triple
ens-1978,unstacked,non-triple
ens-1979,unstacked,non-triple
ens-1980,unstacked,non-triple
ens-1981,stacked,non-triple
ens-1982,unstacked,non-triple
ens-1983,unstacked,non-triple
ens-1984,unstacked,non-triple
ens-1985,stacked,non-triple
ens-1986,unstacked,non-triple
ens-1987,unstacked,non-triple
ens-1988,unstacked,non-triple
ens-1989,unstacked,non-triple
ens-1990,unstacked,non-triple
ens-1991,stacked,non-triple
ens-1992,unstacked,non-triple
ens-1993,unstacked,non-triple
ens-1994,unstacked,non-triple
ens-1995,unstacked,non-triple
ens-1996,unstacked,non-triple
ens-1997,stacked,non-triple
ens-1998,unstacked,non-triple
ens-1999,stacked,non-triple
ens-2000,unstacked,non-triple
